Employee ID,Full +1:100Name,Job Title,Department,Business Unit,Gender,Ethnicity,Age,Hire Date,Annual Salary,Bonus %,Country,City
E02101,Leah Zheng,Director,Engineering,Corporate,Female,Asian,52,18-06-2016,$794 ,23% ,China,Chengdu
E02102,Jade Pham,Analyst,Accounting,Manufacturing,Female,Asian,61,12-12-2017,$734 ,0% ,China,Shanghai
E02103,Theodore Bui,Vice President,Sales,Specialty Products,Male,Asian,53,13-05-2012,$680 ,38% ,China,Beijing
E02104,Asher Chan,Sr. Business Partner,Human Resources,Corporate,Male,Asian,40,18-08-2018,$980 ,0% ,China,Shanghai
E02105,Ezekiel Brown,Manager,Finance,Corporate,Male,Caucasian,27,14-03-2022,$928 ,8% ,United States,Miami
E02106,Peyton Allen,Manager,Marketing,Specialty Products,Female,Caucasian,26,23-11-2020,$700 ,5% ,United States,Chicago
E02107,Parker Joseph,Systems Analyst,IT,Specialty Products,Male,Caucasian,53,21-01-2000,$521 ,0% ,United States,Seattle
E02108,Kayden Ortiz,Sr. Manager,Accounting,Specialty Products,Male,Latino,33,29-07-2013,$821 ,15% ,Brazil,Manaus
E02109,Lillian Desai,Field Engineer,Engineering,Manufacturing,Female,Asian,27,12-12-2022,$582 ,0% ,China,Chengdu
E02110,Avery Gutierrez,Vice President,Marketing,Corporate,Female,Latino,56,02-07-2016,$671 ,38% ,United States,Phoenix
E02111,Caroline Sandoval,Analyst,Sales,Corporate,Female,Latino,36,03-10-2013,$526 ,0% ,Brazil,Sao Paulo
E02112,Hailey Lim,Director,Marketing,Corporate,Female,Asian,47,06-01-2005,$892 ,17% ,China,Chongqing
E02113,Roman Liang,Sr. Analyst,Sales,Manufacturing,Male,Asian,28,04-03-2021,$948 ,0% ,China,Chongqing
E02114,Elias Rojas,Account Representative,Sales,Manufacturing,Male,Latino,30,07-01-2018,$817 ,0% ,United States,Chicago
E02115,Quinn Lai,Systems Analyst,IT,Research & Development,Female,Asian,58,28-08-2003,$516 ,0% ,United States,Phoenix
E02116,Clara Le,Service Desk Analyst,IT,Corporate,Female,Asian,56,15-03-2021,$925 ,0% ,China,Beijing
E02117,Chloe Yoon,Network Administrator,IT,Corporate,Female,Asian,65,25-02-2002,$889 ,0% ,United States,Seattle
E02118,Abigail Simmons,Sr. Manager,IT,Specialty Products,Female,Caucasian,29,24-04-2018,$799 ,15% ,United States,Miami
E02119,Ayla Espinoza,Director,Human Resources,Research & Development,Female,Latino,60,01-10-1993,$533 ,26% ,Brazil,Rio de Janeiro
E02120,Nova Lin,Vice President,Sales,Specialty Products,Female,Asian,31,09-04-2019,$678 ,32% ,United States,Austin
E02121,Sadie Singh,Director,Engineering,Specialty Products,Female,Asian,45,16-03-2022,$911 ,26% ,United States,Columbus
E02122,Aaron Powell,Enterprise Architect,IT,Research & Development,Male,Black,30,11-09-2017,$966 ,0% ,United States,Chicago
E02123,Jameson Vargas,Director,Human Resources,Specialty Products,Male,Latino,36,24-07-2011,$749 ,20% ,Brazil,Rio de Janeiro
E02124,Logan Young,Vice President,IT,Corporate,Male,Black,39,16-08-2010,$868 ,33% ,United States,Seattle
E02125,Wyatt Cheung,Analyst II,Sales,Specialty Products,Male,Asian,44,25-07-2013,$977 ,0% ,China,Beijing
E02126,Lucas Zhu,Manager,IT,Manufacturing,Male,Asian,53,14-03-2011,$973 ,8% ,China,Beijing
E02127,Emily Hong,IT Coordinator,IT,Specialty Products,Female,Asian,46,09-01-2021,$536 ,0% ,China,Beijing
E02128,Luke Ramos,Account Representative,Sales,Corporate,Male,Latino,30,28-07-2018,$822 ,0% ,Brazil,Manaus
E02129,Maya Gupta,Field Engineer,Engineering,Corporate,Female,Asian,28,04-08-2019,$707 ,0% ,China,Beijing
E02130,Eliana Ha,Analyst,Accounting,Specialty Products,Female,Asian,35,15-12-2020,$564 ,0% ,China,Chengdu
E02131,Lillian Cheng,Analyst II,Finance,Research & Development,Female,Asian,58,20-08-1996,$866 ,0% ,China,Chengdu
E02132,Alexander Pena,Sr. Analyst,Sales,Specialty Products,Male,Latino,47,24-05-2002,$758 ,0% ,United States,Chicago
E02133,Leonardo Mai,Sr. Analyst,Marketing,Specialty Products,Male,Asian,43,28-01-2007,$642 ,0% ,China,Chengdu
E02134,Jack Phillips,Analyst II,Finance,Manufacturing,Male,Black,47,27-07-2015,$997 ,0% ,United States,Phoenix
E02135,Scarlett Delgado,Cloud Infrastructure Architect,IT,Research & Development,Female,Latino,57,28-08-2013,$970 ,0% ,Brazil,Rio de Janeiro
E02136,Jack Rogers,Systems Analyst,IT,Corporate,Male,Black,47,01-02-2005,$598 ,0% ,United States,Phoenix
E02137,Violet Huynh,Manager,Sales,Research & Development,Female,Asian,50,29-02-2008,$593 ,10% ,China,Shanghai
E02138,Victoria Park,Analyst,Marketing,Research & Development,Female,Asian,27,18-03-2020,$906 ,0% ,United States,Chicago
E02139,Elizabeth Rodriguez,Sr. Manager,Accounting,Corporate,Female,Latino,26,13-08-2021,$811 ,13% ,Brazil,Sao Paulo
E02140,Samuel Kumar,Network Engineer,IT,Corporate,Male,Asian,43,09-03-2009,$566 ,0% ,China,Chengdu
E02141,Zoe Maldonado,Vice President,Accounting,Corporate,Female,Latino,49,25-09-1998,$900 ,34% ,Brazil,Sao Paulo
E02142,Natalia Richardson,Sr. Manager,Sales,Research & Development,Female,Caucasian,36,02-06-2017,$528 ,10% ,United States,Columbus
E02143,Madeline Contreras,Analyst,Accounting,Corporate,Female,Latino,51,31-10-1995,$991 ,0% ,Brazil,Sao Paulo
E02144,Raelynn Espinoza,Analyst,Accounting,Corporate,Female,Latino,46,12-09-2002,$762 ,0% ,Brazil,Manaus
E02145,Noah Rojas,Analyst II,Finance,Manufacturing,Male,Latino,37,14-11-2019,$894 ,0% ,United States,Chicago
E02146,Jack Ramos,Sr. Analyst,Finance,Manufacturing,Male,Latino,43,17-06-2018,$630 ,0% ,Brazil,Manaus
E02147,Riley King,Director,Marketing,Specialty Products,Female,Black,53,10-08-2013,$589 ,15% ,United States,Columbus
E02148,Naomi Lee,System Administrator�,IT,Research & Development,Female,Asian,58,15-04-2014,$642 ,0% ,China,Beijing
E02149,Caleb Jones,Manager,Marketing,Corporate,Male,Caucasian,57,10-07-1996,$927 ,8% ,United States,Miami
E02150,Peyton Alvarado,Service Desk Analyst,IT,Manufacturing,Female,Latino,31,24-10-2015,$889 ,0% ,Brazil,Rio de Janeiro
E02151,Luca Liu,Account Representative,Sales,Manufacturing,Male,Asian,40,22-06-2007,$974 ,0% ,China,Chongqing
E02152,Christian Johnson,Network Architect,IT,Research & Development,Male,Black,47,25-05-2008,$537 ,0% ,United States,Miami
E02153,Kinsley Gonzales,Systems Analyst,IT,Manufacturing,Female,Latino,51,05-05-2007,$500 ,0% ,Brazil,Rio de Janeiro
E02154,Hunter Yoon,Network Administrator,IT,Research & Development,Male,Asian,57,02-10-2020,$881 ,0% ,China,Chongqing
E02155,Elias Dixon,IT Coordinator,IT,Corporate,Male,Caucasian,46,22-11-2021,$648 ,0% ,United States,Columbus
E02156,Owen Guerrero,Field Engineer,Engineering,Corporate,Male,Latino,40,03-09-2022,$570 ,0% ,United States,Chicago
E02157,Lucas Lo,Analyst,Accounting,Research & Development,Male,Asian,43,18-01-2004,$621 ,0% ,China,Beijing
E02158,Hunter Mitchell,IT Coordinator,IT,Research & Development,Male,Caucasian,54,17-04-2021,$619 ,0% ,United States,Columbus
E02159,Eliana Bailey,Sr. Manager,Sales,Research & Development,Female,Black,27,02-01-2021,$577 ,15% ,United States,Seattle
E02160,Gabriella Choi,Analyst II,Accounting,Manufacturing,Female,Asian,56,15-08-1999,$856 ,0% ,United States,Seattle
E02161,Evelyn Alvarado,Network Administrator,IT,Specialty Products,Female,Latino,36,12-08-2022,$516 ,0% ,United States,Miami
E02162,Wyatt Chan,Manager,Finance,Manufacturing,Male,Asian,53,28-06-2005,$912 ,8% ,China,Shanghai
E02163,Sarah Johnson,Director,Engineering,Research & Development,Female,Caucasian,31,06-03-2018,$973 ,24% ,United States,Austin
E02164,Brooks Evans,Sr. Account Representative,Sales,Specialty Products,Male,Caucasian,45,04-05-2016,$908 ,0% ,United States,Columbus
E02165,Isaiah Dixon,Development Engineer,Engineering,Corporate,Male,Caucasian,29,27-02-2022,$556 ,0% ,United States,Austin
E02166,Addison Lo,Cloud Infrastructure Architect,IT,Research & Development,Female,Asian,27,28-08-2020,$777 ,0% ,United States,Columbus
E02167,Nolan Howard,Quality Engineer,Engineering,Research & Development,Male,Caucasian,26,18-04-2022,$892 ,0% ,United States,Austin
E02168,Paisley Dominguez,Engineering Manager,Engineering,Research & Development,Female,Latino,53,14-06-2009,$707 ,10% ,United States,Austin
E02169,Eliana Ho,Director,Accounting,Corporate,Female,Asian,64,05-09-2012,$633 ,22% ,China,Chengdu
E02170,Charles Miller,Director,Marketing,Manufacturing,Male,Black,32,07-06-2018,$863 ,23% ,United States,Columbus
E02171,Mia Jiang,Vice President,Accounting,Manufacturing,Female,Asian,42,19-06-2015,$823 ,38% ,United States,Miami
E02172,Skylar Parker,Technical Architect,IT,Corporate,Female,Caucasian,31,05-08-2018,$582 ,0% ,United States,Phoenix
E02173,Zoey Leung,Network Administrator,IT,Research & Development,Female,Asian,40,27-09-2007,$733 ,0% ,China,Chongqing
E02174,Austin Moua,Test Engineer,Engineering,Research & Development,Male,Asian,46,27-05-2003,$703 ,0% ,China,Chengdu
E02175,Christopher Robinson,Vice President,Finance,Specialty Products,Male,Caucasian,35,11-07-2016,$838 ,31% ,United States,Austin
E02176,Jayden Zhang,Enterprise Architect,IT,Specialty Products,Male,Asian,64,27-06-1994,$843 ,0% ,China,Chengdu
E02177,Cora Mejia,Sr. Analyst,Accounting,Research & Development,Female,Latino,58,07-06-2014,$840 ,0% ,Brazil,Manaus
E02178,Julian Harris,Operations Engineer,Engineering,Manufacturing,Male,Caucasian,61,30-12-2015,$546 ,0% ,United States,Phoenix
E02179,Anthony Espinoza,Analyst II,Finance,Manufacturing,Male,Latino,41,16-11-2020,$565 ,0% ,Brazil,Rio de Janeiro
E02180,Aubrey Ruiz,Analyst II,Marketing,Specialty Products,Female,Latino,25,11-01-2021,$557 ,0% ,Brazil,Sao Paulo
E02181,Piper Tang,Vice President,Human Resources,Manufacturing,Female,Asian,50,28-07-2011,$822 ,33% ,China,Beijing
E02182,Colton Delgado,Sr. Manager,Accounting,Research & Development,Male,Latino,61,22-10-2006,$927 ,13% ,Brazil,Rio de Janeiro
E02183,Madeline Chung,Analyst,Finance,Research & Development,Female,Asian,63,26-05-2011,$890 ,0% ,United States,Miami
E02184,Ariana Sharma,Vice President,Sales,Research & Development,Female,Asian,45,24-01-2014,$508 ,34% ,United States,Seattle
E02185,Julian Marquez,Sr. Manager,Accounting,Specialty Products,Male,Latino,33,14-09-2013,$896 ,11% ,Brazil,Rio de Janeiro
E02186,Logan Reyes,Quality Engineer,Engineering,Corporate,Male,Latino,62,10-04-1995,$610 ,0% ,Brazil,Sao Paulo
E02187,Penelope Mai,Vice President,Sales,Corporate,Female,Asian,43,02-05-2004,$727 ,35% ,United States,Austin
E02188,Ryan Reed,Sr. Analyst,Sales,Manufacturing,Male,Black,48,28-10-2019,$897 ,0% ,United States,Austin
E02189,Grayson Hwang,Sr. Analyst,Finance,Corporate,Male,Asian,42,23-04-2013,$709 ,0% ,China,Chongqing
E02190,Ezra Tan,Sr. Manager,Finance,Corporate,Male,Asian,49,22-12-1999,$914 ,12% ,China,Chengdu
E02191,David Ha,Sr. Account Representative,Sales,Corporate,Male,Asian,33,27-07-2022,$806 ,0% ,China,Chongqing
E02192,Lillian Vang,Technical Architect,IT,Research & Development,Female,Asian,39,13-09-2015,$530 ,0% ,China,Chongqing
E02193,Sofia Zhang,Analyst,Finance,Specialty Products,Female,Asian,51,11-01-2005,$610 ,0% ,United States,Chicago
E02194,Athena Daniels,Network Administrator,IT,Specialty Products,Female,Caucasian,49,23-05-2021,$551 ,0% ,United States,Seattle
E02195,Jameson Shin,Sr. Analyst,Marketing,Research & Development,Male,Asian,30,14-05-2020,$661 ,0% ,China,Chengdu
E02196,Everly Avila,Account Representative,Sales,Manufacturing,Female,Latino,41,13-11-2015,$516 ,0% ,United States,Miami
E02197,Liam Nelson,Technical Architect,IT,Research & Development,Male,Black,58,17-12-2010,$871 ,0% ,United States,Columbus
E02198,Theodore Lai,System Administrator�,IT,Specialty Products,Male,Asian,55,27-12-2008,$532 ,0% ,China,Shanghai
E02199,Caroline Do,Analyst,Marketing,Research & Development,Female,Asian,40,06-03-2016,$809 ,0% ,United States,Chicago
E02200,Josiah Ramos,Manager,Finance,Specialty Products,Male,Latino,41,08-01-2014,$882 ,6% ,United States,Chicago
